elapsed_seconds,rendered_frames,fps,tick,working_set_bytes,private_bytes,main_loop_iterations,ui_update_calls,title_update_calls,metrics_write_calls
1.01453,66,65.0547,0,277688320,362704896,178,0,0,0
2.02577,132,65.2666,0,277733376,362704896,310,0,0,1
3.04096,198,65.0127,0,277753856,362704896,442,0,0,2
4.05202,264,65.2777,0,277753856,362659840,574,0,0,3
5.05217,329,64.9904,0,277753856,362659840,704,0,0,4
6.06728,395,65.0171,0,277766144,362659840,836,0,0,5
7.07671,461,65.3837,0,262086656,346963968,968,0,0,6
8.09029,527,65.1154,0,262086656,346963968,1100,0,0,7
9.09159,592,64.9158,0,262086656,346963968,1230,0,0,8
10.093,657,64.9075,0,262086656,346963968,1360,0,0,9
11.1058,723,65.1684,0,262086656,346963968,1492,0,0,10
12.1203,789,65.0579,0,262090752,346963968,1624,0,0,11
13.134,855,65.1047,0,262090752,346963968,1756,0,0,12
14.146,921,65.2176,0,262090752,346963968,1888,0,0,13
