elapsed_seconds,rendered_frames,fps,tick,working_set_bytes,private_bytes,main_loop_iterations,ui_update_calls,title_update_calls,metrics_write_calls,wait_calls,wait_ms_total
4.99508,0,0,16,1704435712,2192961536,2,2,2,0,1,5
6.00108,52,51.69,98,1712390144,2200539136,131,58,58,1,78,464
7.00646,108,55.7001,167,1718063104,2206158848,239,108,108,2,130,830
8.01709,186,77.1801,250,1715257344,2203353088,404,181,181,3,217,1384
10.5725,198,4.69599,279,1712553984,2200551424,431,195,195,4,232,1458
11.5728,277,78.9716,369,1706659840,2194649088,601,279,279,5,323,1934
12.5765,357,79.7075,463,1693048832,2181025792,788,369,369,6,430,2476
13.5822,430,72.5877,554,1693036544,2181025792,943,450,450,7,512,2851
14.5832,502,71.9265,641,1693044736,2181025792,1083,528,528,8,580,3151
15.5873,575,72.7017,732,1693192192,2181173248,1230,611,611,9,654,3460
16.5938,660,84.4491,820,1693192192,2181173248,1406,693,693,10,745,3950
17.5988,740,79.6035,915,1693294592,2181271552,1593,784,784,11,852,4488
18.6019,817,76.7637,1008,1693270016,2181263360,1767,872,872,12,949,4970
19.6051,894,76.7534,1103,1693282304,2181263360,1942,959,959,13,1047,5428
20.612,971,76.4749,1190,1693294592,2181267456,2107,1041,1041,14,1135,5916
21.6206,1047,75.3504,1275,1693310976,2181271552,2274,1116,1116,15,1226,6455
22.6274,1124,76.4814,1363,1693310976,2181271552,2437,1198,1198,16,1312,6927
23.6298,1204,79.8047,1455,1693315072,2181271552,2609,1285,1285,17,1404,7373
24.6301,1281,76.9779,1545,1693310976,2181271552,2772,1365,1365,18,1490,7780
25.634,1357,75.7074,1631,1693298688,2181267456,2944,1441,1441,19,1586,8352
26.6376,1430,72.7345,1715,1693286400,2181263360,3093,1514,1514,20,1662,8787
27.6432,1505,74.5854,1800,1693290496,2181263360,3239,1591,1591,21,1733,9155
28.6468,1577,71.7361,1886,1693278208,2181259264,3383,1670,1670,22,1805,9510
29.6513,1656,78.6489,1973,1693282304,2181226496,3536,1749,1749,23,1879,9865
30.6577,1722,65.5792,2058,1693278208,2181222400,3671,1823,1823,24,1948,10207
31.663,1803,80.5737,2146,1693270016,2181218304,3830,1903,1903,25,2026,10587
32.6659,1870,66.8058,2231,1693282304,2181222400,3963,1978,1978,26,2092,10911
33.6825,1937,65.909,2316,1693294592,2181226496,4095,2051,2051,27,2157,11233
34.6861,2005,67.7547,2403,1693282304,2181222400,4242,2129,2129,28,2236,11638
35.6898,2089,83.6907,2489,1693282304,2181222400,4418,2211,2211,29,2328,12170
36.6955,2162,72.5867,2575,1693245440,2181210112,4567,2284,2284,30,2404,12566
37.6981,2235,72.8088,2653,1693249536,2181210112,4692,2351,2351,31,2456,12859
38.6984,2312,76.9763,2734,1693274112,2181214208,4846,2427,2427,32,2533,13339
39.702,2391,78.7196,2813,1693282304,2181218304,5001,2500,2500,33,2609,13833
40.7035,2470,78.8836,2898,1693245440,2181124096,5165,2578,2578,34,2694,14322
41.7043,2545,74.9365,2977,1693274112,2181132288,5312,2645,2645,35,2766,14796
42.7075,2608,62.7976,3053,1693122560,2182119424,5421,2707,2707,36,2812,15067
43.7216,2687,77.9011,3137,1693097984,2182111232,5585,2785,2785,37,2897,15582
44.7307,2763,75.3194,3223,1693126656,2182119424,5742,2865,2865,38,2978,16027
45.7343,2841,77.7143,3303,1693089792,2182107136,5915,2943,2943,39,3073,16680
46.7356,2914,72.9106,3381,1693089792,2182107136,6064,3007,3007,40,3149,17205
47.7359,2992,77.9709,3462,1693089792,2182107136,6226,3077,3077,41,3233,17744
48.7409,3069,76.6217,3537,1693097984,2182107136,6372,3140,3140,42,3302,18234
49.7451,3150,80.6574,3622,1693130752,2182107136,6539,3220,3220,43,3388,18735
50.7539,3222,71.3743,3707,1693138944,2182111232,6701,3293,3293,44,3478,19269
51.7581,3296,73.6909,3781,1693159424,2182111232,6833,3360,3360,45,3536,19678
52.7756,3358,60.9331,3856,1693208576,2182111232,6938,3418,3418,46,3579,19966
53.7782,3431,72.8071,3937,1693253632,2182111232,7067,3490,3490,47,3635,20253
54.8184,3450,18.2671,4006,1693265920,2182111232,7086,3509,3509,48,3635,20253
55.8619,3488,36.4157,4076,1693282304,2182111232,7125,3546,3546,49,3636,20262
56.8668,3543,54.7307,4148,1693294592,2182111232,7212,3598,3598,50,3668,20476
57.8849,3621,76.6116,4239,1693294592,2182111232,7379,3681,3681,51,3757,20922
58.8893,3704,82.6369,4331,1693294592,2182111232,7566,3770,3770,52,3861,21464
59.8989,3788,83.1989,4422,1693298688,2182111232,7745,3857,3857,53,3956,21971
60.9014,3865,76.8144,4502,1693290496,2182111232,7897,3930,3930,54,4031,22433
61.9044,3939,73.7788,4578,1693290496,2182111232,8022,3999,3999,55,4082,22754
62.9114,4019,79.4404,4678,1693290496,2182111232,8196,4094,4094,56,4176,23103
63.9196,4101,81.3318,4772,1693290496,2182111232,8376,4183,4183,57,4274,23568
64.9259,4174,72.5466,4851,1693290496,2182111232,8519,4251,4251,58,4344,24030
65.9296,4255,80.6978,4934,1693290496,2182111232,8695,4332,4332,59,4439,24631
66.9318,4334,78.827,5024,1693290496,2182111232,8869,4413,4413,60,4534,25142
67.9334,4407,72.8865,5106,1693290496,2182111232,9017,4492,4492,61,4609,25575
68.9348,4479,71.8931,5182,1693294592,2182111232,9142,4560,4560,62,4662,25912
69.9386,4553,73.7204,5259,1693339648,2182144000,9273,4630,4630,63,4719,26277
70.9432,4628,74.6602,5336,1694318592,2183131136,9409,4699,4699,64,4780,26667
71.9443,4703,74.9147,5414,1694343168,2183139328,9549,4769,4769,65,4845,27089
72.9448,4787,83.9643,5500,1694351360,2183139328,9734,4852,4852,66,4946,27705
73.9533,4862,74.3647,5578,1694351360,2183139328,9884,4925,4925,67,5021,28215
74.9591,4941,78.5447,5662,1694359552,2183139328,10057,5001,5001,68,5115,28795
75.9634,5019,77.6634,5742,1694380032,2183139328,10221,5070,5070,69,5201,29366
76.9637,5095,75.9759,5821,1694388224,2183139328,10369,5140,5140,70,5273,29831
77.9715,5175,79.3817,5896,1694388224,2183139328,10527,5207,5207,71,5351,30402
78.9752,5256,80.7007,5990,1694388224,2183139328,10704,5297,5297,72,5447,30852
79.0949,5266,83.5545,6000,1697943552,2186645504,10725,5306,5306,73,5458,30912
