elapsed_seconds,rendered_frames,fps,tick,working_set_bytes,private_bytes
1.00138,71,70.9023,115,184922112,197521408
2.01556,176,103.531,115,184942592,197525504
3.01731,280,103.819,115,184991744,197525504
4.0179,384,103.938,115,181198848,193691648
5.01825,491,106.963,115,181198848,193691648
6.02022,596,104.793,115,181211136,193691648
7.02088,707,110.926,115,181215232,193691648
8.02112,817,109.974,115,181215232,193691648
9.0212,916,98.9923,115,181248000,193667072
10.0214,1032,115.972,115,181248000,193667072
11.0216,1146,113.977,115,181252096,193667072
12.0219,1263,116.972,115,181252096,193667072
13.0224,1379,115.938,115,181252096,193667072
14.0234,1492,112.894,115,181252096,193667072
15.0234,1606,113.992,115,181252096,193667072
16.0239,1721,114.948,115,181252096,193667072
