path	cacheKey	slots	namesRead	materialName	vmt	vtf	resolved	uploaded
models/props_gameplay/resupply_locker.mdl	models/props_gameplay/resupply_locker.mdl#799888055	4	4	models/props_gameplay/resupply_locker	materials/models/props_gameplay/resupply_locker.vmt	materials/models/props_gameplay/resupply_locker.vtf	1	0
models/props_gameplay/windowed_door.mdl	models/props_gameplay/windowed_door.mdl#3317277868	2	2	models/props_gameplay/windowed_door	materials/models/props_gameplay/windowed_door.vmt	materials/models/props_gameplay/windowed_door.vtf	1	0
models/props_2fort/lantern001.mdl	models/props_2fort/lantern001.mdl#4048614901	2	2	models/props_2fort/lantern_glass001	materials/models/props_2fort/lantern_glass001.vmt	materials/Models/props_2fort/lantern_glass001.vtf	1	0
models/props_gameplay/door_slide_large_door.mdl	models/props_gameplay/door_slide_large_door.mdl#334333520	3	3	models/props_gameplay/door_slide_large	materials/models/props_gameplay/door_slide_large.vmt	materials/models/props_gameplay/door_slide_large.vtf	1	0
models/ambulance.mdl	models/ambulance.mdl#3030961762	2	2	ambulance/amb_red	materials/ambulance/amb_red.vmt	materials/ambulance/amb_red.vtf	1	0
models/weapons/c_models/c_ubersaw/c_ubersaw.mdl	models/weapons/c_models/c_ubersaw/c_ubersaw.mdl#4028386761	2	2	models/weapons/c_models/c_ubersaw/c_ubersaw	materials/models/weapons/c_models/c_ubersaw/c_ubersaw.vmt	materials/models/weapons/c_models/c_ubersaw/c_ubersaw.vtf	1	0
models/weapons/c_models/c_ubersaw/c_ubersaw_festivizer.mdl	models/weapons/c_models/c_ubersaw/c_ubersaw_festivizer.mdl#2521644852	3	3	models/weapons/c_items/festivizer_battery	materials/models/weapons/c_items/festivizer_battery.vmt	materials/models/weapons/c_items/festivizer_battery.vtf	1	0
models/props_training/target_medic.mdl	models/props_training/target_medic.mdl#3529535284	2	2	models/props_training/target_medic	materials/models/props_training/target_medic.vmt	materials/models/props_training/target_medic.vtf	1	0
models/props_training/target_scout.mdl	models/props_training/target_scout.mdl#896927130	2	2	models/props_training/target_scout	materials/models/props_training/target_scout.vmt	materials/models/props_training/target_scout.vtf	1	0
models/props_doomsday/cap_point_small.mdl	models/props_doomsday/cap_point_small.mdl#1225292909	3	3	models/props_gameplay/cap_point_base	materials/models/props_gameplay/cap_point_base.vmt	materials/Models/props_gameplay/cap_point_base.vtf	1	0
models/props_ui/bannerflag_comp_l.mdl	models/props_ui/bannerflag_comp_l.mdl#663974807	2	2	models/props_ui/bannerflag_comp	materials/models/props_ui/bannerflag_comp.vmt	materials/models/props_ui/bannerflag_comp.vtf	1	0
models/weapons/c_models/c_scout_arms.mdl	models/weapons/c_models/c_scout_arms.mdl#1592644444	1	1	models/player/scout/scout_hands	materials/models/player/scout/scout_hands.vmt	materials/models/player/scout/scout_hands.vtf	1	0
models/props_ui/comp_win_banner_scaled.mdl	models/props_ui/comp_win_banner_scaled.mdl#2392208823	1	1	models/props_ui/win_banner	materials/models/props_ui/win_banner.vmt	materials/models/props_ui/win_banner.vtf	1	0
models/weapons/c_models/c_scattergun.mdl	models/weapons/c_models/c_scattergun.mdl#4127930877	2	2	models/weapons/c_models/c_scattergun/c_scattergun	materials/models/weapons/c_models/c_scattergun/c_scattergun.vmt	materials/models/weapons/c_models/c_scattergun/c_scattergun.vtf	1	0
models/weapons/c_models/c_pistol/c_pistol.mdl	models/weapons/c_models/c_pistol/c_pistol.mdl#2874656406	1	1	models/weapons/c_models/c_pistol/c_pistol	materials/models/weapons/c_models/c_pistol/c_pistol.vmt	materials/models/weapons/c_models/c_pistol/c_pistol.vtf	1	0
models/workshop/weapons/c_models/c_boston_basher/c_boston_basher.mdl	models/workshop/weapons/c_models/c_boston_basher/c_boston_basher.mdl#3701898965	1	1	models/workshop/weapons/c_models/c_boston_basher/c_boston_basher	materials/models/workshop/weapons/c_models/c_boston_basher/c_boston_basher.vmt	materials/models/workshop/weapons/c_models/c_boston_basher/c_boston_basher.vtf	1	0
models/workshop_partner/weapons/c_models/c_bet_rocketlauncher/c_bet_rocketlauncher.mdl	models/workshop_partner/weapons/c_models/c_bet_rocketlauncher/c_bet_rocketlauncher.mdl#3035680321	1	1	models/workshop_partner/weapons/c_models/c_bet_rocketlauncher/c_bet_rocketlauncher	materials/models/workshop_partner/weapons/c_models/c_bet_rocketlauncher/c_bet_rocketlauncher.vmt	materials/models/workshop_partner/weapons/c_models/c_bet_rocketlauncher/c_bet_rocketlauncher.vtf	1	0
models/props_gameplay/cap_point_base.mdl	models/props_gameplay/cap_point_base.mdl#3524702198	3	3	models/props_gameplay/cap_point_base	materials/models/props_gameplay/cap_point_base.vmt	materials/Models/props_gameplay/cap_point_base.vtf	1	0
models/items/medkit_large.mdl	models/items/medkit_large.mdl#2847915741	1	1	models/items/medkit	materials/models/items/medkit.vmt	materials/models/items/medkit.vtf	1	0
models/items/ammopack_large.mdl	models/items/ammopack_large.mdl#1953911548	1	1	models/items/ammo_box1	materials/models/items/ammo_box1.vmt	materials/models/items/ammo_box1.vtf	1	0
models/items/ammopack_small.mdl	models/items/ammopack_small.mdl#3824252796	1	1	models/items/ammo_box2	materials/models/items/ammo_box2.vmt	materials/models/items/ammo_box2.vtf	1	0
models/props_ui/bannerflag_comp_r.mdl	models/props_ui/bannerflag_comp_r.mdl#101943112	2	2	models/props_ui/bannerflag_comp	materials/models/props_ui/bannerflag_comp.vmt	materials/models/props_ui/bannerflag_comp.vtf	1	0
models/weapons/c_models/c_medic_arms.mdl	models/weapons/c_models/c_medic_arms.mdl#1438140777	4	4	models/player/medic/medic_red	materials/models/player/medic/medic_red.vmt	materials/models/player/medic/medic_red.vtf	1	0
models/items/medkit_small.mdl	models/items/medkit_small.mdl#1838321979	1	1	models/items/medkit	materials/models/items/medkit.vmt	materials/models/items/medkit.vtf	1	0
models/items/ammopack_medium.mdl	models/items/ammopack_medium.mdl#2900183192	1	1	models/items/ammo_box2	materials/models/items/ammo_box2.vmt	materials/models/items/ammo_box2.vtf	1	0
models/items/medkit_medium.mdl	models/items/medkit_medium.mdl#599881045	1	1	models/items/medkit	materials/models/items/medkit.vmt	materials/models/items/medkit.vtf	1	0
models/weapons/c_models/c_spy_arms.mdl	models/weapons/c_models/c_spy_arms.mdl#195418196	2	2	models/player/spy/spy_hands_red	materials/models/player/spy/spy_hands_red.vmt	materials/models/player/spy/spy_hands_red.vtf	1	0
models/effects/cappoint_hologram.mdl	models/effects/cappoint_hologram.mdl#1602564522	9	9	models/effects/cappoint_logo_neutral	materials/models/effects/cappoint_logo_neutral.vmt	materials/models/effects/cappoint_logo_neutral.vtf	1	0
models/weapons/c_models/c_demo_arms.mdl	models/weapons/c_models/c_demo_arms.mdl#3180992446	3	3	models/player/demo/demoman_hands	materials/models/player/demo/demoman_hands.vmt	materials/models/player/demo/demoman_hands.vtf	1	0
models/workshop/weapons/c_models/c_quadball/c_quadball.mdl	models/workshop/weapons/c_models/c_quadball/c_quadball.mdl#4222725767	3	3	models/workshop/weapons/c_models/c_quadball/c_quadball	materials/models/workshop/weapons/c_models/c_quadball/c_quadball.vmt	materials/models/workshop/weapons/c_models/c_quadball/c_quadball.vtf	1	0
models/props_gameplay/sign_gameplay01_witharrow_R.mdl	models/props_gameplay/sign_gameplay01_witharrow_r.mdl#530131913	12	12	models/props_gameplay/sign_gameplay01_skin1	materials/models/props_gameplay/sign_gameplay01_skin1.vmt	materials/models/props_gameplay/sign_gameplay01_skin1.vtf	1	0
models/props_gameplay/orange_cone001.mdl	models/props_gameplay/orange_cone001.mdl#1620915379	1	1	models/props_gameplay/orange_cone001	materials/models/props_gameplay/orange_cone001.vmt	materials/Models/props_gameplay/orange_cone001.vtf	1	0
models/weapons/c_models/c_soldier_arms.mdl	models/weapons/c_models/c_soldier_arms.mdl#717368988	4	4	models/player/soldier/soldier_hands	materials/models/player/soldier/soldier_hands.vmt	materials/models/player/soldier/soldier_hands.vtf	1	0
models/workshop/weapons/c_models/c_xms_cold_shoulder/c_xms_cold_shoulder.mdl	models/workshop/weapons/c_models/c_xms_cold_shoulder/c_xms_cold_shoulder.mdl#2162392466	1	1	models/workshop/weapons/c_models/c_xms_cold_shoulder/c_xms_cold_shoulder	materials/models/workshop/weapons/c_models/c_xms_cold_shoulder/c_xms_cold_shoulder.vmt	materials/models/workshop/weapons/c_models/c_xms_cold_shoulder/c_xms_cold_shoulder.vtf	1	0
models/weapons/c_models/c_pickaxe/c_pickaxe.mdl	models/weapons/c_models/c_pickaxe/c_pickaxe.mdl#3223655018	1	1	models/weapons/c_items/c_pickaxe	materials/models/weapons/c_items/c_pickaxe.vmt	materials/models/weapons/c_items/c_pickaxe.vtf	1	0
models/weapons/c_models/c_minigun/c_minigun.mdl	models/weapons/c_models/c_minigun/c_minigun.mdl#1798327882	2	2	models/weapons/c_models/c_minigun/c_minigun	materials/models/weapons/c_models/c_minigun/c_minigun.vmt	materials/models/weapons/c_models/c_minigun/c_minigun.vtf	1	0
models/weapons/c_models/c_sandwich/c_sandwich.mdl	models/weapons/c_models/c_sandwich/c_sandwich.mdl#2641557653	1	1	models/weapons/c_items/c_sandwich	materials/models/weapons/c_items/c_sandwich.vmt	materials/models/weapons/c_items/c_sandwich.vtf	1	0
models/weapons/c_models/c_heavy_arms.mdl	models/weapons/c_models/c_heavy_arms.mdl#3150768291	2	2	models/player/hvyweapon/hvyweapon_hands	materials/models/player/hvyweapon/hvyweapon_hands.vmt	materials/models/player/hvyweapon/hvyweapon_hands.vtf	1	0
models/workshop/weapons/c_models/c_crusaders_crossbow/c_crusaders_crossbow.mdl	models/workshop/weapons/c_models/c_crusaders_crossbow/c_crusaders_crossbow.mdl#331926893	2	2	models/workshop/weapons/c_models/c_crusaders_crossbow/c_crusaders_crossbow	materials/models/workshop/weapons/c_models/c_crusaders_crossbow/c_crusaders_crossbow.vmt	materials/models/workshop/weapons/c_models/c_crusaders_crossbow/c_crusaders_crossbow.vtf	1	0
models/props_forest/sawblade_moving.mdl	models/props_forest/sawblade_moving.mdl#1859852710	5	5	models/props_forest/sawblade_moving	materials/models/props_forest/sawblade_moving.vmt	materials/models/props_forest/sawblade_moving.vtf	1	0
models/workshop/weapons/c_models/c_xms_giftwrap/c_xms_giftwrap.mdl	models/workshop/weapons/c_models/c_xms_giftwrap/c_xms_giftwrap.mdl#3780378374	2	2	models/workshop/weapons/c_models/c_xms_giftwrap/c_xms_giftwrap	materials/models/workshop/weapons/c_models/c_xms_giftwrap/c_xms_giftwrap.vmt	materials/models/workshop/weapons/c_models/c_xms_giftwrap/c_xms_giftwrap.vtf	1	0
models/weapons/c_models/c_stickybomb_launcher/c_stickybomb_launcher.mdl	models/weapons/c_models/c_stickybomb_launcher/c_stickybomb_launcher.mdl#1360354901	2	2	models/weapons/c_models/c_stickybomb_launcher/c_stickybomb_launcher	materials/models/weapons/c_models/c_stickybomb_launcher/c_stickybomb_launcher.vmt	materials/models/weapons/c_models/c_stickybomb_launcher/c_stickybomb_launcher.vtf	1	0
models/workshop_partner/weapons/c_models/c_shogun_katana/c_shogun_katana_soldier.mdl	models/workshop_partner/weapons/c_models/c_shogun_katana/c_shogun_katana_soldier.mdl#2566168449	2	2	models/workshop_partner/weapons/c_models/c_shogun_katana/c_shogun_katana	materials/models/workshop_partner/weapons/c_models/c_shogun_katana/c_shogun_katana.vmt	materials/models/workshop_partner/weapons/c_models/c_shogun_katana/c_shogun_katana.vtf	1	0
models/weapons/c_models/c_medigun/c_medigun.mdl	models/weapons/c_models/c_medigun/c_medigun.mdl#922244099	3	3	models/weapons/c_models/c_medigun/c_medigun	materials/models/weapons/c_models/c_medigun/c_medigun.vmt	materials/models/weapons/c_models/c_medigun/c_medigun.vtf	1	0
models/weapons/c_models/c_rocketlauncher/c_rocketlauncher.mdl	models/weapons/c_models/c_rocketlauncher/c_rocketlauncher.mdl#3353683628	2	2	models/weapons/c_models/c_rocketlauncher/c_rocketlauncher	materials/models/weapons/c_models/c_rocketlauncher/c_rocketlauncher.vmt	materials/models/weapons/c_models/c_rocketlauncher/c_rocketlauncher.vtf	1	0
models/workshop/weapons/c_models/c_ttg_max_gun/c_ttg_max_gun.mdl	models/workshop/weapons/c_models/c_ttg_max_gun/c_ttg_max_gun.mdl#3398292473	1	1	models/workshop/weapons/c_models/c_ttg_max_gun/c_ttg_max_gun	materials/models/workshop/weapons/c_models/c_ttg_max_gun/c_ttg_max_gun.vmt	materials/models/workshop/weapons/c_models/c_ttg_max_gun/c_ttg_max_gun.vtf	1	0
models/workshop/weapons/c_models/c_scout_sword/c_scout_sword.mdl	models/workshop/weapons/c_models/c_scout_sword/c_scout_sword.mdl#1458702079	1	1	models/workshop/weapons/c_models/c_scout_sword/c_scout_sword	materials/models/workshop/weapons/c_models/c_scout_sword/c_scout_sword.vmt	materials/models/workshop/weapons/c_models/c_scout_sword/c_scout_sword.vtf	1	0
models/player/items/mvm_loot/medic/fob_h_medigun_diamond.mdl	models/player/items/mvm_loot/medic/fob_h_medigun_diamond.mdl#28517227	4	4	models/player/items/mvm_loot/all_class/fob_diamond	materials/models/player/items/mvm_loot/all_class/fob_diamond.vmt	materials/models/player/items/mvm_loot/all_class/fob_heavy_diamond.vtf	1	0
models/weapons/c_models/c_hippocrates_bust/c_hippocrates_bust.mdl	models/weapons/c_models/c_hippocrates_bust/c_hippocrates_bust.mdl#359809388	1	1	models/weapons/c_items/c_hippocrates_bust	materials/models/weapons/c_items/c_hippocrates_bust.vmt	materials/models/weapons/c_items/c_hippocrates_bust.vtf	1	0
models/player/items/mvm_loot/all_class/mvm_flask_generic.mdl	models/player/items/mvm_loot/all_class/mvm_flask_generic.mdl#4107353615	1	1	models/player/items/mvm_loot/all_class/mvm_flask_generic	materials/models/player/items/mvm_loot/all_class/mvm_flask_generic.vmt	materials/models/player/items/mvm_loot/all_class/mvm_flask_generic.vtf	1	0
models/player/scout.mdl	models/player/scout.mdl#1098120898	17	17	models/player/scout/scout_red	materials/models/player/scout/scout_red.vmt	materials/models/player/scout/scout_red.vtf	1	0
models/player/sniper.mdl	models/player/sniper.mdl#3495254885	20	20	models/player/sniper/sniper_red	materials/models/player/sniper/sniper_red.vmt	materials/models/player/sniper/sniper_red.vtf	1	0
models/player/soldier.mdl	models/player/soldier.mdl#3748736120	20	20	models/player/soldier/soldier_red	materials/models/player/soldier/soldier_red.vmt	materials/models/player/soldier/soldier_red.vtf	1	0
models/player/demo.mdl	models/player/demo.mdl#1505337062	17	17	models/player/demo/demoman_red	materials/models/player/demo/demoman_red.vmt	materials/models/player/demo/demoman_red.vtf	1	0
models/player/medic.mdl	models/player/medic.mdl#1029183977	21	21	models/player/medic/medic_red	materials/models/player/medic/medic_red.vmt	materials/models/player/medic/medic_red.vtf	1	0
models/player/heavy.mdl	models/player/heavy.mdl#1641026357	21	21	models/player/hvyweapon/heavy_head_red	materials/models/player/hvyweapon/heavy_head_red.vmt	materials/models/player/hvyweapon/heavy_head.vtf	1	0
models/player/pyro.mdl	models/player/pyro.mdl#3846592064	8	8	models/player/pyro/pyro_red	materials/models/player/pyro/pyro_red.vmt	materials/models/player/pyro/pyro_red.vtf	1	0
models/player/spy.mdl	models/player/spy.mdl#4261541971	31	31	models/player/spy/spy_head_red	materials/models/player/spy/spy_head_red.vmt	materials/models/player/spy/spy_head_red.vtf	1	0
models/player/engineer.mdl	models/player/engineer.mdl#1880291295	15	15	models/player/engineer/engineer_red	materials/models/player/engineer/engineer_red.vmt	materials/models/player/engineer/engineer_red.vtf	1	0
# summary models=59 resolved=59 uploaded=0
